product_id,dozwolone_powierzchnie,odradzane_powierzchnie,metoda_mycia,zgodnosc_i_certyfikaty,ostrzezenia_bhp,odczyn_ph
1,"[""wszystkie powierzchnie"", ""tworzywa sztuczne"", ""meble"", ""blaty"", ""okapy"", ""metal"", ""kontakt z żywnością"", ""szkło""]",[],"[""ręczne"", ""natryskowe""]",[],"[""spłukać wodą"", ""spłukać i osuszyć""]",
2,"[""szkło"", ""gładkie powierzchnie"", ""porcelana"", ""tworzywa sztuczne"", ""stal nierdzewna"", ""glazura"", ""powierzchnie ponadpodłogowe""]","[""powierzchnie wrażliwe na alkohol"", ""rozgrzane powierzchnie""]","[""ręczne"", ""natryskowe"", ""pianowe""]","[""ifra"", ""rspo""]","[""unikać alkoholu"", ""unikać gorąca"", ""wykonać próbę wstępną"", ""karta charakterystyki""]",
3,"[""blaty"", ""podłogi"", ""ściany"", ""naczynia"", ""garnki"", ""blachy"", ""narzędzia"", ""odzież robocza""]","[""aluminium"", ""miedź"", ""powierzchnie lakierowane"", ""powierzchnie wrażliwe na zasady""]","[""pianowe"", ""ręczne""]",[],"[""dobrać stężenie"", ""wykonać próbę wstępną""]",
4,"[""powierzchnie kuchenne"", ""urządzenia kuchenne"", ""akcesoria kuchenne"", ""meble"", ""okapy"", ""stoły"", ""garnki"", ""naczynia"", ""zatłuszczone powierzchnie""]",[],[],"[""ifra"", ""rspo"", ""bez problematycznych składników""]",[],
5,"[""grille"", ""piekarniki"", ""piece"", ""urządzenia do kebabów"", ""okapy"", ""szyby kominkowe"", ""patelnie"", ""garnki"", ""kuchenki"", ""kominki""]","[""aluminium"", ""miedź"", ""powierzchnie lakierowane"", ""piekarniki samoczyszczące""]","[""pianowe"", ""ręczne"", ""natryskowe""]","[""haccp"", ""rspo""]",[],
6,"[""kostka brukowa"", ""beton"", ""kamień"", ""powierzchnie zewnętrzne"", ""powierzchnie ponadpodłogowe""]","[""powierzchnie wrażliwe na zasady"", ""powierzchnie lakierowane"", ""aluminium"", ""miedź""]","[""ręczne"", ""ciśnieniowe""]","[""ifra"", ""rspo""]","[""unikać zasad""]",zasadowy
7,"[""szkło"", ""porcelana"", ""ceramika"", ""stal nierdzewna"", ""aluminium"", ""tworzywa sztuczne"", ""wszystkie powierzchnie"", ""naczynia""]",[],"[""ręczne"", ""zanurzeniowe""]",[],"[""spłukać wodą""]",
8,"[""podłogi"", ""zmywalne powierzchnie"", ""ściany"", ""sufity"", ""powierzchnie ponadpodłogowe""]","[""materiały wrażliwe na wodę""]","[""ręczne"", ""pianowe""]","[""ifra"", ""rspo""]","[""unikać wody""]",neutralny
9,"[""podłogi"", ""zmywalne powierzchnie"", ""powierzchnie błyszczące"", ""powierzchnie szkliste""]","[""materiały wrażliwe na wodę"", ""powierzchnie wrażliwe na alkohol"", ""powierzchnie zabezpieczone polimerem""]","[""maszynowe"", ""ręczne""]","[""ifra"", ""rspo"", ""ekologiczny""]","[""wykonać próbę wstępną"", ""temperatura wody""]",
10,"[""łazienki"", ""toalety"", ""powierzchnie sanitarne"", ""kabiny prysznicowe"", ""wanny"", ""brodziki"", ""umywalki"", ""pisuary"", ""armatura"", ""fugi"", ""podłogi"", ""powierzchnie ponadpodłogowe""]","[""aluminium"", ""miedź"", ""mosiądz"", ""powierzchnie wrażliwe na kwasy"", ""nietrwałe kolory""]","[""ręczne"", ""pianowe"", ""natryskowe""]","[""ifra"", ""rspo""]","[""spłukać wodą"", ""unikać metali""]",
11,"[""podłogi"", ""wanny"", ""brodziki"", ""kabiny prysznicowe"", ""umywalki"", ""toalety"", ""pisuary"", ""armatura"", ""powierzchnie sanitarne""]",[],"[""pianowe"", ""natryskowe"", ""ręczne""]","[""ifra"", ""rspo""]","[""wykonać próbę wstępną""]",
12,"[""toalety"", ""pisuary"", ""wanny"", ""brodziki"", ""armatura"", ""powierzchnie sanitarne""]","[""powierzchnie wrażliwe na kwasy"", ""aluminium""]","[""ręczne""]",[],"[""wykonać próbę wstępną"", ""spłukać wodą""]",
13,"[""samochody"", ""zewnętrzne powierzchnie pojazdów"", ""wnętrza pojazdów"", ""tworzywa sztuczne"", ""guma"", ""metal"", ""narzędzia"", ""silniki""]",[],"[""ręczne"", ""pianowe""]",[],[],
14,"[""szkło"", ""porcelana"", ""sztućce"", ""naczynia"", ""stal nierdzewna"", ""tworzywa sztuczne"", ""garnki""]","[""aluminium"", ""miedź"", ""mosiądz"", ""zmywarki domowe""]","[""maszynowe"", ""zmywarki"", ""systemy dozujące""]",[],"[""użytek profesjonalny"", ""nie do zmywarek""]",
15,"[""kostka brukowa"", ""kamień"", ""kamień naturalny"", ""kamień sztuczny"", ""beton"", ""fasady"", ""posadzki przemysłowe"", ""powierzchnie ponadpodłogowe""]","[""powierzchnie wrażliwe na zasady"", ""powierzchnie chłonne""]","[""ciśnieniowe"", ""ręczne"", ""maszynowe""]","[""ifra"", ""rspo""]","[""spłukać wodą"", ""wykonać próbę wstępną""]",lekko zasadowy
16,"[""szkło"", ""porcelana"", ""sztućce"", ""naczynia"", ""stal nierdzewna"", ""tworzywa sztuczne"", ""garnki""]","[""aluminium"", ""miedź"", ""mosiądz"", ""zmywarki domowe""]","[""maszynowe""]",[],"[""instrukcja urządzenia""]",
17,"[""naczynia"", ""szkło"", ""porcelana"", ""sztućce"", ""stal nierdzewna"", ""tworzywa sztuczne"", ""garnki""]","[""aluminium"", ""miedź"", ""mosiądz"", ""zmywarki domowe""]","[""maszynowe"", ""zmywarki"", ""systemy dozujące""]",[],"[""użytek profesjonalny"", ""instrukcja urządzenia""]",
18,"[""beton"", ""metal"", ""tworzywa sztuczne"", ""kostka brukowa"", ""kamień naturalny"", ""kamień sztuczny"", ""fasady"", ""parkingi"", ""podjazdy"", ""posadzki przemysłowe"", ""garaże"", ""centra logistyczne""]",[],"[""ciśnieniowe"", ""ręczne"", ""maszynowe""]",[],"[""spłukać wodą""]",
19,"[""naczynia"", ""sztućce"", ""szkło"", ""porcelana"", ""ceramika"", ""stal nierdzewna""]","[""aluminium""]","[""maszynowe"", ""wybielanie"", ""zmywarki"", ""systemy dozujące""]","[""bez fosforanów"", ""ekologiczny"", ""bez eutrofizacji""]","[""ochrona oczu i rąk"", ""karta charakterystyki"", ""karta stanowiskowa""]",
20,"[""szkło"", ""porcelana"", ""sztućce"", ""naczynia"", ""stal nierdzewna"", ""tworzywa sztuczne"", ""garnki"", ""powierzchnie ponadpodłogowe""]",[],"[""maszynowe"", ""systemy dozujące"", ""pianowe""]","[""ifra"", ""rspo""]","[""instrukcja urządzenia"", ""karta charakterystyki"", ""środki ochrony osobistej""]",
21,"[""szkło"", ""porcelana"", ""sztućce"", ""naczynia"", ""stal nierdzewna"", ""tworzywa sztuczne""]",[],"[""maszynowe"", ""systemy dozujące""]","[""haccp"", ""rspo""]","[""karta charakterystyki"", ""stosować zgodnie"", ""dobrać dozowanie""]",
22,"[""podłogi"", ""zmywalne powierzchnie""]","[""drewno niezabezpieczone"", ""materiały wrażliwe na wodę""]","[""ręczne"", ""maszynowe""]","[""ifra"", ""rspo""]","[""wykonać próbę wstępną""]",
23,[],[],[],[],[],
24,"[""podłogi"", ""tworzywa sztuczne"", ""pvc"", ""kamień sztuczny"", ""kamień naturalny"", ""płytki ceramiczne"", ""gres""]",[],"[""ręczne"", ""maszynowe""]","[""ekologiczny"", ""ifra"", ""rspo"", ""bez sls"", ""bez dodecylobenzenosulfonianów"", ""bez edta"", ""bez nta""]",[],
25,"[""powierzchnie sanitarne"", ""umywalki"", ""wanny"", ""brodziki"", ""kabiny prysznicowe"", ""armatura"", ""płytki kwasoodporne"", ""powierzchnie ponadpodłogowe"", ""powierzchnie pionowe""]",[],"[""pianowe"", ""ręczne""]","[""ifra"", ""rspo""]",[],
26,"[""meble"", ""wyposażenie wnętrz"", ""zmywalne powierzchnie"", ""blaty"", ""fronty szafek"", ""parapety"", ""stoły"", ""ściany"", ""klamki"", ""poręcze"", ""powierzchnie błyszczące"", ""powierzchnie matowe"", ""drewno"", ""laminat"", ""tworzywa sztuczne"", ""szkło"", ""skóra"", ""odporne na wodę"", ""powierzchnie ponadpodłogowe""]","[""materiały wrażliwe na wodę""]","[""ręczne"", ""pianowe""]","[""ifra"", ""rspo""]","[""wykonać próbę wstępną"", ""karta charakterystyki""]",lekko zasadowy
27,"[""zmywalne powierzchnie"", ""blaty"", ""meble"", ""urządzenia"", ""szkło"", ""tworzywa sztuczne"", ""metal"", ""skóra"", ""drewno"", ""powierzchnie ponadpodłogowe""]",[],"[""pianowe""]","[""ifra"", ""rspo"", ""bez edta"", ""bez nta"", ""bez sls"", ""bez fosforanów"", ""bez dodecylobenzenosulfonianów"", ""opakowanie refill"", ""opakowanie do recyklingu"", ""składniki roślinne""]",[],
28,"[""stal nierdzewna"", ""porcelana"", ""ceramika"", ""tworzywa sztuczne""]","[""aluminium""]","[""mycie cip"", ""natryskowe"", ""ciśnieniowe"", ""ręczne""]",[],[],silnie zasadowy
29,"[""łazienki"", ""toalety"", ""powierzchnie sanitarne"", ""umywalki"", ""pisuary"", ""kabiny prysznicowe"", ""wanny"", ""brodziki"", ""armatura"", ""fugi""]","[""powierzchnie wrażliwe na kwasy"", ""aluminium"", ""miedź"", ""mosiądz"", ""kamień naturalny"", ""powierzchnie lakierowane"", ""szkło akrylowe""]","[""pianowe"", ""ręczne""]","[""ifra"", ""rspo""]","[""nie mieszać z zasadami"", ""aplikować i spłukać""]",
30,"[""urządzenia"", ""sprzęt pomocniczy"", ""mieszalniki"", ""zbiorniki"", ""rurociągi"", ""linie technologiczne"", ""przemysł farmaceutyczny"", ""stal nierdzewna"", ""ceramika"", ""porcelana"", ""tworzywa sztuczne""]","[""aluminium""]","[""mycie cip"", ""natryskowe"", ""ciśnieniowe"", ""ręczne""]","[""bez fosforanów""]",[],silnie zasadowy
31,"[""pojazdy"", ""plandeki"", ""samochody"", ""ciężarówki"", ""cysterny"", ""maszyny budowlane"", ""maszyny rolnicze"", ""wózki widłowe""]","[""powierzchnie wrażliwe na zasady"", ""rozgrzane powierzchnie""]","[""ręczne"", ""ciśnieniowe"", ""myjnie samochodowe"", ""pianowe"", ""natryskowe""]",[],"[""unikać zasad"", ""unikać gorąca"", ""rękawice ochronne"", ""okulary ochronne""]",lekko zasadowy
32,"[""odporne na alkalia"", ""glazura"", ""gres"", ""terakota"", ""klinkier"", ""pvc"", ""linoleum"", ""lastryko"", ""posadzki przemysłowe"", ""podłogi żywiczne""]","[""drewno"", ""panele"", ""aluminium"", ""powierzchnie lakierowane""]","[""maszynowe"", ""ciśnieniowe"", ""ręczne""]","[""haccp""]",[],silnie zasadowy
33,"[""stal nierdzewna"", ""porcelana"", ""ceramika"", ""tworzywa sztuczne"", ""mieszalniki"", ""homogenizatory"", ""zbiorniki"", ""fermentatory"", ""rurociągi"", ""wymienniki"", ""linie technologiczne"", ""urządzenia"", ""instalacje""]","[""aluminium""]","[""mycie cip"", ""natryskowe"", ""ciśnieniowe"", ""ręczne""]",[],[],kwaśny
34,"[""piekarniki"", ""kuchenki"", ""grille"", ""okapy"", ""kominki"", ""piece"", ""garnki"", ""patelnie""]","[""piekarniki samoczyszczące""]","[""pianowe""]","[""rspo"", ""haccp""]","[""temperatura powierzchni"", ""wykonać próbę wstępną"", ""instrukcja urządzenia"", ""nie do pieców parowych""]",
35,"[""zmywalne powierzchnie"", ""meble"", ""urządzenia"", ""urządzenia biurowe"", ""szkło"", ""laminat"", ""tworzywa sztuczne"", ""powierzchnie szkliwione"", ""powierzchnie ponadpodłogowe""]","[""materiały wrażliwe na wodę""]","[""ręczne"", ""pianowe""]","[""ifra"", ""rspo""]","[""wykonać próbę wstępną"", ""unikać wody"", ""dobrać dozowanie""]",neutralny
36,"[""zmywalne powierzchnie"", ""skóra dłoni""]",[],"[""pianowe"", ""ręczne""]","[""normy mikrobiologiczne ue""]",[],
37,"[""piece"", ""stal nierdzewna"", ""stal stopowa"", ""aluminium""]",[],"[""maszynowe"", ""ręczne"", ""ciśnieniowe"", ""natryskowe""]",[],[],neutralny
38,"[""meble"", ""wyposażenie wnętrz"", ""urządzenia biurowe"", ""sprzęt kuchenny"", ""blaty"", ""fronty szafek"", ""parapety"", ""stoły"", ""ściany"", ""klamki"", ""poręcze"", ""zmywalne powierzchnie"", ""laminat"", ""tworzywa sztuczne"", ""szkło"", ""skóra"", ""zabezpieczone drewno"", ""powierzchnie ponadpodłogowe""]","[""materiały wrażliwe na wodę""]","[""ręczne"", ""pianowe""]","[""ifra"", ""rspo""]","[""wykonać próbę wstępną""]",
39,"[""szkło"", ""glazura"", ""tworzywa sztuczne"", ""stal nierdzewna""]","[""rozgrzane powierzchnie"", ""materiały wrażliwe na wodę""]","[""ręczne""]","[""ifra"", ""rspo""]","[""unikać gorąca"", ""unikać wody""]",
40,"[""zewnętrzne powierzchnie pojazdów"", ""karoseria""]",[],"[""pianowe"", ""ręczne"", ""ciśnieniowe""]",[],"[""unikać kontaktu z oczami"", ""stosować zgodnie""]",
41,"[""szkło"", ""zmywalne powierzchnie"", ""porcelana"", ""ceramika"", ""tworzywa sztuczne"", ""stal nierdzewna"", ""aluminium""]",[],"[""ręczne""]","[""ifra"", ""rspo"", ""opakowanie do recyklingu""]",[],
42,"[""podłogi"", ""zmywalne powierzchnie"", ""ściany"", ""sufity""]","[""materiały wrażliwe na wodę"", ""powierzchnie wrażliwe na alkohol"", ""powierzchnie zabezpieczone polimerem""]","[""ręczne"", ""maszynowe""]","[""ifra"", ""rspo""]","[""wykonać próbę wstępną""]",
43,"[""silniki""]",[],"[""pianowe"", ""ciśnieniowe"", ""ręczne""]",[],"[""nie stosować rozgrzane"", ""instrukcja urządzenia"", ""spłukać wodą""]",
44,"[""silniki"", ""narzędzia"", ""metal"", ""tworzywa sztuczne"", ""guma"", ""wszystkie powierzchnie"", ""lakier samochodowy""]",[],"[""ręczne"", ""pianowe"", ""natryskowe""]",[],"[""zasady bezpieczeństwa"", ""unikać kontaktu z oczami"", ""spłukać wodą""]",
45,"[""blaty"", ""podłogi"", ""ściany"", ""naczynia"", ""narzędzia"", ""części samochodowe"", ""zatłuszczone powierzchnie"", ""sufity"", ""przedmioty"", ""wrażliwe na alkalia"", ""aluminium"", ""kontakt z żywnością""]",[],"[""ręczne"", ""ciśnieniowe"", ""maszynowe"", ""mycie cip""]","[""przemysł spożywczy""]","[""spłukać wodą"", ""wykonać próbę wstępną""]",
46,"[""podłogi"", ""tworzywa sztuczne"", ""pvc"", ""kamień sztuczny"", ""kamień naturalny"", ""płytki ceramiczne"", ""gres""]",[],"[""ręczne"", ""maszynowe""]","[""ifra"", ""rspo""]",[],
47,"[""panele"", ""parkiety"", ""drewno""]","[""drewno niezabezpieczone"", ""materiały wrażliwe na wodę""]","[""ręczne""]",[],"[""unikać wody""]",neutralny
48,"[""podłogi"", ""glazura"", ""gres"", ""terakota"", ""klinkier"", ""lastryko"", ""granit"", ""podłogi żywiczne""]","[""drewno"", ""panele"", ""powierzchnie lakierowane"", ""aluminium"", ""powierzchnie wrażliwe na zasady""]","[""ręczne"", ""maszynowe""]","[""ifra"", ""rspo""]","[""wykonać próbę wstępną""]",
49,"[""podłogi"", ""odporne na wodę""]","[""materiały wrażliwe na wodę"", ""powierzchnie wrażliwe na odtłuszczacze""]","[""ręczne"", ""maszynowe""]","[""pn-en 13036-4""]","[""wykonać próbę wstępną"", ""dobrać dozowanie""]",
50,"[""zmywalne powierzchnie"", ""przedmioty"", ""urządzenia"", ""maszyny"", ""podłogi"", ""ściany"", ""sufity"", ""blaty"", ""kontakt z żywnością"", ""linie technologiczne""]",[],"[""ręczne""]",[],"[""spłukać wodą""]",
51,"[""podłogi"", ""zmywalne powierzchnie"", ""ściany"", ""glazura"", ""terakota"", ""fugi"", ""piwnice"", ""komórki"", ""klatki schodowe"", ""toalety"", ""powierzchnie sanitarne""]",[],"[""ręczne""]",[],"[""dobrać dozowanie"", ""wykonać próbę wstępną""]",
52,"[""linoleum"", ""wykładziny pvc"", ""winyl"", ""kauczuk"", ""epoksyd"", ""beton"", ""kamień"", ""gres"", ""powierzchnie ponadpodłogowe""]",[],"[""ręczne"", ""pianowe""]","[""ifra"", ""rspo""]",[],
53,"[""podłogi"", ""gres"", ""panele"", ""terakota"", ""płytki ceramiczne"", ""winyl"", ""marmur"", ""twarde powierzchnie"", ""powierzchnie ponadpodłogowe""]",[],"[""ręczne"", ""maszynowe"", ""systemy dozujące"", ""pianowe""]","[""ifra"", ""rspo""]",[],
54,"[""odpływy"", ""rurociągi""]","[""powierzchnie wrażliwe na zasady"", ""aluminium""]","[""ręczne""]",[],[],
55,"[""stal nierdzewna"", ""stal kwasoodporna"", ""stal stopowa"", ""aluminium"", ""powierzchnie ponadpodłogowe"", ""windy"", ""maszyny"", ""balustrady"", ""urządzenia"", ""meble""]",[],"[""ręczne"", ""pianowe"", ""natryskowe""]","[""ifra"", ""rspo""]","[""wykonać próbę wstępną"", ""karta charakterystyki""]",
56,"[""lodówki"", ""witryny chłodnicze"", ""pojemniki szklane"", ""pojemniki plastikowe"", ""uszczelki"", ""powierzchnie ponadpodłogowe""]","[""materiały wrażliwe na wodę"", ""powierzchnie wrażliwe na alkohol""]","[""ręczne"", ""pianowe""]","[""haccp"", ""ifra"", ""rspo""]","[""wykonać próbę wstępną"", ""karta charakterystyki""]",
57,"[""podłogi"", ""odporne na wodę"", ""powierzchnie ponadpodłogowe""]","[""materiały wrażliwe na wodę"", ""powierzchnie zabezpieczone polimerem""]","[""maszynowe"", ""ręczne"", ""pianowe""]","[""haccp"", ""ifra"", ""rspo""]","[""wykonać próbę wstępną""]",
58,"[""gofrownice"", ""naleśnikarki"", ""tostery"", ""opiekacze"", ""urządzenia do kebabów"", ""bemary"", ""ciepłe powierzchnie""]","[""aluminium"", ""miedź"", ""mosiądz"", ""powierzchnie lakierowane"", ""piekarniki samoczyszczące""]","[""ręczne"", ""natryskowe"", ""pianowe""]",[],"[""spłukać wodą"", ""rękawice ochronne"", ""okulary ochronne""]",
59,[],[],"[""natryskowe""]",[],"[""unikać kontaktu z oczami""]",
60,"[""podłogi"", ""zmywalne powierzchnie"", ""duże powierzchnie"", ""powierzchnie błyszczące"", ""powierzchnie szkliste""]","[""materiały wrażliwe na wodę"", ""powierzchnie wrażliwe na alkohol"", ""powierzchnie zabezpieczone polimerem""]","[""maszynowe"", ""ręczne""]","[""ifra"", ""rspo"", ""ekologiczny""]","[""unikać wody""]",
61,"[""odporne na wodę"", ""powierzchnie obiektowe""]","[""materiały wrażliwe na wodę"", ""powierzchnie zabezpieczone polimerem""]","[""ręczne"", ""maszynowe""]",[],"[""wykonać próbę wstępną""]",zasadowy
62,"[""skóra dłoni""]","[""błony śluzowe"", ""otwarte rany""]","[""ręczne"", ""wcieranie w dłonie""]","[""pn-en 1500"", ""przebadany dermatologicznie""]","[""nie stosować na skórę"", ""spłukać wodą"", ""karta charakterystyki"", ""stosować zgodnie""]",
63,"[""odporne na alkalia"", ""gres"", ""granit"", ""terakota"", ""lastryko"", ""klinkier"", ""płytki ceramiczne""]","[""drewno"", ""panele"", ""aluminium"", ""powierzchnie chłonne"", ""powierzchnie lakierowane"", ""powierzchnie wrażliwe na zasady""]","[""ręczne"", ""maszynowe"", ""ciśnieniowe""]",[],"[""dobrać dozowanie"", ""wykonać próbę wstępną""]",zasadowy
64,"[""posadzki twarde"", ""gres"", ""terakota"", ""lastryko"", ""klinkier"", ""płytki"", ""płytki ceramiczne"", ""powierzchnie mineralne""]","[""powierzchnie wrażliwe na kwasy"", ""kamień naturalny"", ""beton""]","[""ręczne"", ""maszynowe"", ""ciśnieniowe""]",[],"[""wykonać próbę wstępną"", ""dobrać stężenie""]",kwaśny
65,"[""pvc"", ""kamień"", ""beton"", ""gres"", ""klinkier"", ""guma"", ""ksylolit""]","[""linoleum"", ""aluminium"", ""drewno"", ""parkiet"", ""panele"", ""korek""]","[""ręczne"", ""maszynowe""]",[],"[""spłukać i osuszyć""]",zasadowy
66,"[""stal nierdzewna"", ""aluminium"", ""porcelana"", ""ceramika"", ""tworzywa sztuczne""]",[],"[""myjnie samochodowe"", ""ręczne"", ""mycie cip"", ""natryskowe"", ""ciśnieniowe""]","[""bez fosforanów""]",[],neutralny
67,"[""piece"", ""odporne na alkalia"", ""stal nierdzewna"", ""stal stopowa""]","[""aluminium"", ""miedź"", ""mosiądz"", ""powierzchnie lakierowane""]","[""maszynowe"", ""ręczne""]","[""haccp""]","[""instrukcja urządzenia"", ""stosować zgodnie""]",silnie zasadowy
68,"[""piece"", ""stal nierdzewna"", ""stal stopowa"", ""odporne na kwasy""]","[""aluminium"", ""miedź"", ""powierzchnie lakierowane""]","[""maszynowe"", ""ręczne"", ""ciśnieniowe"", ""natryskowe""]","[""haccp""]","[""aplikować na ciepło""]",kwaśny
69,"[""szkło"", ""porcelana"", ""ceramika"", ""stal nierdzewna"", ""aluminium"", ""garnki"", ""talerze"", ""patelnie""]",[],"[""ręczne""]","[""rspo"", ""haccp""]","[""spłukać wodą"", ""recykling opakowania""]",
70,"[""stal nierdzewna"", ""stal stopowa"", ""powierzchnie ponadpodłogowe""]",[],"[""maszynowe"", ""pianowe""]","[""ifra"", ""rspo""]","[""instrukcja urządzenia"", ""karta charakterystyki"", ""środki ochrony osobistej""]",
71,"[""skóra dłoni""]",[],"[""ręczne"", ""pianowe""]",[],[],neutralny
72,"[""skóra dłoni""]",[],"[""ręczne""]","[""haccp"", ""przebadany dermatologicznie""]","[""stosować zgodnie""]",
73,"[""zmywalne powierzchnie"", ""urządzenia"", ""kontakt z żywnością"", ""bez kontaktu z żywnością"", ""przedmioty"", ""linie technologiczne"", ""powierzchnie pionowe""]","[""powierzchnie wrażliwe na chlor""]","[""pianowe""]",[],"[""stosować zgodnie"", ""unikać chloru""]",
74,"[""wykładziny"", ""dywany"", ""tapicerka tekstylna"", ""dywaniki"", ""tapicerka samochodowa"", ""meble tapicerowane""]","[""skóra naturalna""]","[""ręczne"", ""pianowe""]",[],"[""sprawdzić kolory""]",
75,"[""tapicerka tekstylna"", ""dywany"", ""wykładziny"", ""tapicerka samochodowa"", ""meble tapicerowane""]","[""skóra naturalna""]","[""ręczne"", ""pranie""]",[],"[""sprawdzić kolory""]",
76,"[""meble tapicerowane"", ""tapicerka samochodowa"", ""tapicerka tekstylna"", ""dywany"", ""wykładziny"", ""tkaniny"", ""tekstylia""]","[""skóra naturalna""]","[""pianowe"", ""pranie"", ""czyszczenie""]",[],"[""sprawdzić kolory""]",
77,"[""samochody"", ""karoseria"", ""lakier samochodowy"", ""woski"", ""powłoki ochronne"", ""pojazdy"", ""części samochodowe""]",[],"[""pianowe"", ""ciśnieniowe"", ""ręczne""]",[],"[""dobrać dozowanie"", ""karta charakterystyki""]",neutralny
78,"[""drewno"", ""laminat"", ""meble"", ""stoły"", ""wyposażenie wnętrz"", ""poręcze"", ""drewno lakierowane""]",[],"[""ręczne""]",[],"[""wykonać próbę wstępną"", ""karta charakterystyki""]",
79,"[""powierzchnie sanitarne"", ""odporne na wybielacze"", ""toalety"", ""pisuary"", ""wanny"", ""brodziki"", ""kabiny prysznicowe"", ""umywalki"", ""podłogi"", ""schody"", ""armatura""]","[""aluminium"", ""powierzchnie wrażliwe na chlor""]","[""ręczne""]",[],"[""unikać aluminium"", ""wykonać próbę wstępną"", ""spłukać wodą""]",
80,"[""toalety"", ""pisuary"", ""ceramika"", ""powierzchnie sanitarne"", ""wanny"", ""brodziki""]","[""aluminium"", ""stal"", ""żeliwo"", ""powierzchnie wrażliwe na kwasy"", ""armatura łazienkowa""]","[""ręczne""]","[""ifra"", ""rspo""]","[""wykonać próbę wstępną"", ""spłukać wodą"", ""stosować zgodnie""]",
81,"[""samochody"", ""karoseria"", ""zewnętrzne powierzchnie pojazdów""]",[],"[""pianowe"", ""ciśnieniowe"", ""myjnie samochodowe""]",[],"[""spłukać pod ciśnieniem""]",
82,"[""toalety"", ""powierzchnie sanitarne"", ""pisuary"", ""umywalki"", ""kabiny prysznicowe"", ""wanny"", ""armatura""]",[],[],"[""ifra"", ""rspo"", ""opakowanie do recyklingu"", ""opakowanie refill""]",[],
83,"[""samochody"", ""ciężarówki"", ""plandeki"", ""maszyny budowlane"", ""maszyny rolnicze""]",[],"[""ręczne"", ""maszynowe"", ""ciśnieniowe"", ""pianowe"", ""myjnie samochodowe""]",[],[],lekko zasadowy
84,"[""zewnętrzne powierzchnie pojazdów"", ""ciężarówki"", ""samochody"", ""karoseria"", ""plandeki"", ""lakier samochodowy""]","[""rozgrzane powierzchnie""]","[""pianowe"", ""ręczne"", ""ciśnieniowe""]",[],"[""nie stosować rozgrzane""]",zasadowy
85,"[""karoseria"", ""zewnętrzne powierzchnie pojazdów"", ""lakier samochodowy"", ""tworzywa sztuczne"", ""winyl"", ""wnętrza pojazdów"", ""powierzchnie ponadpodłogowe""]","[""rozgrzane powierzchnie""]","[""ręczne"", ""pianowe"", ""płukanie""]","[""ifra"", ""rspo""]","[""unikać gorąca"", ""dobrać dozowanie""]",
86,"[""felgi"", ""lakier samochodowy"", ""aluminium polerowane""]","[""żeliwo"", ""elementy hamulców""]","[""ręczne"", ""natryskowe"", ""ciśnieniowe""]",[],"[""spłukać pod ciśnieniem"", ""stosować zgodnie""]",
87,"[""opony"", ""guma"", ""tworzywa sztuczne"", ""stal""]",[],"[""natryskowe"", ""systemy dozujące""]",[],[],
88,"[""szkło"", ""lampy"", ""karoseria"", ""lakier samochodowy"", ""wszystkie powierzchnie""]",[],"[""ręczne"", ""natryskowe"", ""ciśnieniowe""]",[],"[""unikać kontaktu z oczami"", ""spłukać wodą""]",
89,"[""szkło"", ""reflektory""]",[],"[""ręczne"", ""natryskowe""]",[],"[""unikać kontaktu z oczami"", ""spłukać wodą""]",
90,"[""kokpit"", ""tworzywa sztuczne"", ""wnętrza pojazdów""]",[],"[""pianowe"", ""ręczne""]",[],"[""unikać kontaktu z oczami"", ""spłukać wodą""]",
91,"[""tapicerka samochodowa"", ""siedzenia"", ""dywaniki""]",[],"[""ręczne"", ""pianowe""]",[],"[""wykonać próbę wstępną"", ""unikać kontaktu z oczami""]",
92,"[""odporne na kwasy""]","[""aluminium"", ""mosiądz"", ""miedź"", ""brąz""]","[""pianowe"", ""ręczne""]",[],"[""wykonać próbę wstępną"", ""spłukać wodą""]",
93,"[""urządzenia gastronomiczne"", ""urządzenia"", ""czajniki"", ""ekspresy do kawy"", ""zmywarki"", ""pralki"", ""wyparzarki"", ""bojlery"", ""kotły"", ""parowniki"", ""nagrzewnice""]","[""aluminium"", ""powierzchnie ocynkowane""]",[],[],"[""wykonać próbę wstępną"", ""instrukcja urządzenia""]",
94,"[""odporne na kwasy"", ""zmywarki"", ""wyparzarki"", ""urządzenia gastronomiczne"", ""szkło"", ""naczynia""]",[],[],[],"[""stosować zgodnie"", ""dobrać stężenie"", ""rękawice ochronne"", ""okulary ochronne"", ""karta charakterystyki""]",kwaśny
95,"[""metal"", ""tworzywa sztuczne""]",[],"[""ultradźwiękowe""]","[""biodegradowalny""]",[],lekko zasadowy
96,"[""kuchenki"", ""piekarniki"", ""grille"", ""blaty"", ""zlewozmywaki"", ""płytki"", ""wanny"", ""umywalki"", ""brodziki"", ""stal nierdzewna"", ""naczynia"", ""sprzęt kuchenny""]",[],"[""ręczne""]",[],"[""spłukać wodą"", ""przechowywać 5–25°c""]",
97,"[""karoseria"", ""lakier samochodowy"", ""powierzchnie ponadpodłogowe""]","[""rozgrzane powierzchnie""]","[""ręczne"", ""pianowe""]","[""ifra"", ""rspo""]","[""unikać gorąca"", ""wykonać próbę wstępną""]",
98,"[""lakier samochodowy"", ""zewnętrzne powierzchnie pojazdów"", ""wnętrza pojazdów"", ""tworzywa sztuczne"", ""winyl""]","[""szyba czołowa"", ""rozgrzane powierzchnie""]","[""ręczne""]",[],"[""stosować zgodnie"", ""wykonać próbę wstępną"", ""aplikować na lakier""]",
99,"[""karoseria"", ""lakier samochodowy""]",[],"[""ręczne"", ""maszynowe""]",[],[],
100,"[""zewnętrzne powierzchnie pojazdów"", ""czyste elementy"", ""powierzchnie porowate""]",[],"[""ręczne""]",[],[],
101,"[""aluminium"", ""stopy aluminium"", ""metale""]",[],"[""ręczne"", ""natryskowe""]",[],"[""produkt kwaśny"", ""nie mieszać z zasadami"", ""próba wstępna"", ""spłukać wodą""]",kwaśny
102,"[""hamulce"", ""części metalowe"", ""elementy mechaniczne""]",[],"[""ręczne"", ""natryskowe""]",[],"[""produkt łatwopalny"", ""wentylacja"", ""unikać skóry i oczu"", ""próba wstępna""]",
103,"[""hamulce"", ""sprzęgła"", ""części metalowe"", ""narzędzia warsztatowe""]",[],"[""natryskowe"", ""ręczne""]",[],"[""produkt łatwopalny"", ""wentylacja"", ""unikać wdychania"", ""ochrona oczu i rąk""]",
104,"[""stal"", ""połączenia gwintowane"", ""śruby"", ""hamulce"", ""elementy mechaniczne"", ""części metalowe""]",[],"[""natryskowe"", ""ręczne""]",[],"[""wentylacja"", ""pojemnik pod ciśnieniem"", ""produkt łatwopalny"", ""unikać wdychania"", ""zasady bezpieczeństwa""]",
105,"[""filtry dpf"", ""filtry fap"", ""zawory egr""]",[],"[""ręczne""]",[],"[""ochrona oczu i rąk"", ""unikać skóry i oczu"", ""unikać wdychania"", ""wentylacja""]",
106,"[""filtry dpf"", ""filtry fap"", ""filtry spalin""]",[],"[""maszynowe""]",[],"[""ochrona oczu i rąk"", ""unikać skóry i oczu"", ""unikać wdychania"", ""instrukcja urządzenia""]",
107,"[""kostka brukowa"", ""posadzki betonowe"", ""posadzki przemysłowe"", ""podjazdy"", ""nawierzchnie warsztatowe""]",[],"[""ręczne"", ""natryskowe""]",[],"[""ochrona oczu i rąk"", ""próba wstępna""]",
108,"[""posadzki przemysłowe"", ""posadzki warsztatowe"", ""posadzki produkcyjne"", ""posadzki serwisowe"", ""posadzki magazynowe""]",[],"[""ręczne"", ""maszynowe""]",[],"[""stosować zgodnie"", ""unikać skóry i oczu"", ""rękawice ochronne""]",
109,"[""ciężarówki"", ""cysterny"", ""maszyny rolnicze"", ""kontenery"", ""naczepy"", ""podwozia"", ""zewnętrzne powierzchnie pojazdów""]",[],"[""bezdotykowe"", ""natryskowe"", ""ręczne""]",[],"[""ochrona oczu i rąk"", ""unikać skóry i oczu"", ""próba wstępna""]",silnie zasadowy
110,"[""skóra dłoni""]",[],"[""ręczne""]",[],"[""unikać kontaktu z oczami"", ""nie stosować na skórę"", ""przerwać przy podrażnieniu""]",
111,"[""skóra dłoni""]",[],"[""ręczne""]",[],"[""unikać kontaktu z oczami"", ""nie stosować na skórę"", ""przerwać przy podrażnieniu""]",
112,"[""aluminium"", ""metale"", ""tworzywa sztuczne"", ""maszyny produkcyjne"", ""obrabiarki"", ""silniki"", ""komory silnika"", ""elementy mechaniczne""]",[],"[""ręczne"", ""natryskowe""]",[],"[""rękawice ochronne"", ""unikać skóry i oczu"", ""unikać wdychania""]",
113,"[""metal"", ""stal"", ""śruby"", ""nakrętki"", ""zawiasy"", ""łańcuchy"", ""narzędzia"", ""mechanizmy ruchome""]",[],"[""ręczne"", ""natryskowe""]",[],"[""wentylacja"", ""unikać skóry i oczu"", ""produkt łatwopalny""]",
114,"[""skóra dłoni""]",[],"[""ręczne""]",[],"[""unikać kontaktu z oczami"", ""płukać oczy wodą"", ""nie połykać""]",
115,"[""dystrybutory paliwa"", ""wlewy paliwa"", ""odporne na odtłuszczacze""]",[],"[""ręczne"", ""natryskowe""]",[],"[""rękawice ochronne"", ""unikać skóry i oczu"", ""próba wstępna"", ""nie mieszać chemikaliów""]",
116,"[""silniki"", ""osprzęt silnika"", ""komory silnika"", ""aluminium"", ""tworzywa sztuczne"", ""uszczelnienia""]",[],"[""ręczne"", ""natryskowe""]",[],"[""stosować zgodnie z etykietą"", ""unikać skóry i oczu"", ""próba wstępna""]",
117,"[""stal"", ""żeliwo"", ""metale żelazne""]",[],"[""ręczne""]",[],"[""ochrona oczu i rąk"", ""unikać skóry i oczu"", ""wentylacja""]",
118,"[""stal"", ""metale żelazne"", ""żeliwo"", ""połączenia gwintowane"", ""części metalowe""]",[],"[""ręczne"", ""natryskowe""]",[],"[""wentylacja"", ""unikać skóry i oczu"", ""produkt łatwopalny""]",
119,"[""ciężarówki"", ""cysterny"", ""maszyny rolnicze"", ""kontenery"", ""silniki"", ""podzespoły mechaniczne"", ""elementy mechaniczne""]",[],"[""bezdotykowe"", ""natryskowe"", ""pianowe"", ""ciśnieniowe""]",[],"[""produkt alkaliczny"", ""próba wstępna"", ""unikać skóry i oczu""]",silnie zasadowy
120,"[""odporne na alkalia"", ""elementy mechaniczne"", ""powierzchnie techniczne"", ""przemysł samochodowy""]","[""powierzchnie wrażliwe na zasady""]","[""ręczne"", ""natryskowe""]",[],"[""ochrona oczu i rąk"", ""unikać zasad"", ""próba wstępna""]",zasadowy
121,"[""metal"", ""szkło"", ""tworzywa sztuczne"", ""guma""]",[],"[""ręczne""]",[],"[""rękawice ochronne"", ""unikać skóry i oczu"", ""unikać wdychania"", ""próba wstępna""]",
122,"[""metale"", ""tworzywa sztuczne"", ""lakier samochodowy"", ""narzędzia warsztatowe"", ""części maszyn""]",[],"[""ręczne"", ""natryskowe"", ""mycie cip""]",[],"[""wentylacja"", ""unikać skóry i oczu"", ""produkt łatwopalny"", ""rękawice ochronne""]",
123,"[""metal"", ""elementy mechaniczne"", ""zawiasy"", ""prowadnice"", ""łańcuchy"", ""łożyska"", ""śruby"", ""mechanizmy ruchome""]",[],"[""ręczne"", ""natryskowe""]",[],"[""aerozol łatwopalny"", ""pojemnik pod ciśnieniem"", ""produkt łatwopalny"", ""wentylacja"", ""nie rozpylać na gorące""]",
124,"[""skóra dłoni""]",[],"[""ręczne""]",[],"[""unikać kontaktu z oczami"", ""nie stosować na skórę"", ""nie połykać"", ""przerwać przy podrażnieniu""]",
125,"[""skóra dłoni""]",[],"[""ręczne""]",[],"[""unikać kontaktu z oczami"", ""nie stosować na skórę"", ""przerwać przy podrażnieniu""]",
126,"[""skóra dłoni""]",[],"[""ręczne""]",[],"[""unikać kontaktu z oczami"", ""nie stosować na skórę"", ""przerwać przy podrażnieniu""]",
127,"[""kuchenki"", ""blaty"", ""okapy"", ""zlewozmywaki"", ""płytki ceramiczne""]",[],"[""ręczne"", ""natryskowe""]",[],"[""unikać kontaktu z oczami"", ""nie mieszać chemikaliów"", ""próba wstępna""]",
128,"[""piekarniki"", ""szyby kominkowe"", ""grille"", ""garnki"", ""odporne na alkalia""]",[],"[""ręczne"", ""natryskowe""]",[],"[""produkt alkaliczny"", ""ochrona oczu i rąk"", ""unikać wdychania"", ""próba wstępna"", ""nie stosować rozgrzane""]",silnie zasadowy
129,"[""szyby"", ""lustra"", ""szkło""]",[],"[""ręczne"", ""natryskowe""]",[],"[""unikać kontaktu z oczami"", ""nie mieszać chemikaliów"", ""stosować zgodnie""]",
130,[],[],"[""ręczne""]",[],"[""stosować zgodnie"", ""przechowywać sucho"", ""produkt łatwopalny""]",
131,"[""fugi"", ""płytki ceramiczne"", ""przedmioty"", ""trudno dostępne miejsca""]",[],"[""ręczne""]",[],"[""rękawice ochronne"", ""unikać skóry i oczu"", ""próba wstępna""]",
132,"[""fugi"", ""posadzki"", ""elewacje"", ""kostka brukowa"", ""tarasy"", ""beton"", ""powierzchnie mineralne""]",[],"[""ręczne"", ""natryskowe"", ""ciśnieniowe""]",[],"[""ochrona oczu i rąk"", ""nie mieszać chemikaliów"", ""próba wstępna""]",
133,"[""ceramika"", ""metal"", ""armatura"", ""szkło"", ""płytki ceramiczne""]",[],"[""ręczne"", ""natryskowe""]",[],"[""nie mieszać chemikaliów"", ""ochrona oczu i rąk"", ""próba wstępna""]",kwaśny
134,"[""skóra dłoni""]",[],"[""ręczne""]",[],"[""unikać kontaktu z oczami"", ""nie połykać""]",
135,"[""skóra dłoni""]",[],"[""ręczne""]",[],"[""unikać kontaktu z oczami"", ""nie połykać"", ""przerwać przy podrażnieniu"", ""zasady bezpieczeństwa""]",
136,"[""skóra dłoni""]",[],"[""ręczne""]",[],"[""unikać kontaktu z oczami"", ""płukać oczy wodą"", ""nie połykać""]",
137,"[""skóra dłoni""]",[],"[""ręczne""]",[],"[""unikać kontaktu z oczami"", ""płukać oczy wodą"", ""nie stosować na skórę""]",
138,"[""ceramika sanitarna"", ""metal"", ""tworzywa sztuczne"", ""armatura"", ""kabiny prysznicowe""]",[],"[""ręczne""]",[],"[""unikać skóry i oczu"", ""nie mieszać chemikaliów"", ""próba wstępna""]",
139,"[""toalety"", ""pisuary"", ""ceramika sanitarna"", ""urządzenia sanitarne""]",[],"[""ręczne""]",[],"[""rękawice ochronne"", ""unikać skóry i oczu"", ""nie mieszać chemikaliów""]",kwaśny
140,"[""szyby"", ""lakier samochodowy"", ""maszyny budowlane"", ""pojazdy specjalistyczne""]",[],"[""ręczne"", ""natryskowe"", ""pianowe""]",[],"[""produkt kwaśny"", ""próba wstępna"", ""nie mieszać z zasadami""]",kwaśny
141,"[""metal"", ""stal"", ""części maszyn"", ""połączenia gwintowane"", ""elementy montażowe""]",[],"[""natryskowe""]",[],"[""pojemnik pod ciśnieniem"", ""produkt łatwopalny"", ""wentylacja"", ""unikać wdychania""]",
142,"[""lakier samochodowy"", ""stal"", ""tworzywa sztuczne"", ""guma"", ""plandeki"", ""podwozia"", ""kontenery"", ""naczepy""]",[],"[""natryskowe"", ""bezdotykowe"", ""pianowe""]",[],"[""ochrona oczu i rąk"", ""unikać skóry i oczu"", ""unikać wdychania"", ""nie stosować rozgrzane"", ""próba wstępna""]",zasadowy
143,"[""karoseria"", ""lakier samochodowy"", ""zewnętrzne powierzchnie pojazdów"", ""maszyny budowlane""]",[],"[""ręczne"", ""pianowe""]",[],"[""unikać skóry i oczu"", ""rękawice ochronne"", ""aplikować i spłukać""]",
144,"[""aluminium"", ""metale"", ""tworzywa sztuczne"", ""silniki"", ""komory silnika"", ""maszyny produkcyjne"", ""obrabiarki""]",[],"[""ręczne"", ""natryskowe""]",[],"[""unikać skóry i oczu"", ""próba wstępna"", ""nie stosować rozgrzane"", ""stosować zgodnie""]",
145,"[""dystrybutory paliwa"", ""wlewy paliwa"", ""metal"", ""lakier samochodowy"", ""tworzywa sztuczne""]",[],"[""ręczne"", ""natryskowe""]",[],"[""rękawice ochronne"", ""unikać skóry i oczu"", ""unikać wdychania"", ""próba wstępna""]",
146,"[""karoseria"", ""zewnętrzne powierzchnie pojazdów"", ""maszyny budowlane""]",[],"[""natryskowe"", ""ciśnieniowe"", ""bezdotykowe""]",[],"[""ochrona oczu i rąk"", ""płukać oczy wodą""]",
147,"[""metal"", ""stal"", ""żeliwo"", ""elementy gwintowane"", ""połączenia mechaniczne"", ""zawiasy"", ""sworznie""]",[],"[""natryskowe"", ""ręczne""]",[],"[""wentylacja"", ""unikać skóry i oczu"", ""produkt łatwopalny"", ""próba wstępna""]",
148,"[""metal"", ""elementy mechaniczne"", ""zawiasy"", ""prowadnice"", ""łańcuchy"", ""śruby"", ""przeguby"", ""łożyska""]",[],"[""natryskowe""]",[],"[""aerozol łatwopalny"", ""pojemnik pod ciśnieniem"", ""wentylacja"", ""produkt łatwopalny"", ""unikać wdychania""]",
149,"[""fugi"", ""posadzki"", ""elewacje"", ""kostka brukowa"", ""tarasy"", ""beton"", ""powierzchnie mineralne""]",[],"[""ręczne"", ""natryskowe""]",[],"[""ochrona oczu i rąk"", ""nie mieszać chemikaliów"", ""próba wstępna""]",zasadowy
150,"[""posadzki przemysłowe"", ""posadzki warsztatowe"", ""hale produkcyjne"", ""pomieszczenia serwisowe""]",[],"[""ręczne"", ""maszynowe""]",[],"[""stosować zgodnie"", ""unikać skóry i oczu"", ""rękawice ochronne""]",
151,"[""lakier samochodowy"", ""szkło""]",[],"[""ręczne"", ""natryskowe""]",[],"[""produkt łatwopalny"", ""wentylacja"", ""unikać skóry i oczu""]",
152,"[""metal"", ""ceramika"", ""tworzywa sztuczne"", ""tekstylia"", ""aluminium"", ""stal nierdzewna""]",[],"[""ręczne""]",[],"[""próba wstępna"", ""stosować zgodnie""]",
153,[],[],[],[],"[""stosować zgodnie"", ""recykling opakowania"", ""zasady bezpieczeństwa""]",
154,"[""szkło"", ""szyby"", ""lustra"", ""elementy plastikowe"", ""laminat""]",[],"[""ręczne"", ""natryskowe""]",[],"[""stosować zgodnie z etykietą"", ""unikać kontaktu z oczami""]",
155,"[""szkło"", ""karoseria"", ""felgi aluminiowe""]",[],"[""ręczne"", ""natryskowe""]",[],"[""wentylacja"", ""unikać skóry i oczu"", ""produkt łatwopalny"", ""próba wstępna""]",
156,"[""tworzywa sztuczne"", ""wnętrza pojazdów"", ""ramy pvc"", ""meble ogrodowe"", ""obudowy kuchenne""]",[],"[""ręczne""]",[],"[""unikać kontaktu z oczami"", ""próba wstępna"", ""stosować zgodnie""]",
157,[],[],"[""maszynowe"", ""ekstrakcyjne"", ""zbiorniki wody brudnej""]",[],"[""dobrać dozowanie"", ""unikać skóry i oczu"", ""płukać oczy wodą""]",
158,"[""posadzki przemysłowe"", ""zmywalne powierzchnie"", ""duże powierzchnie""]",[],"[""maszynowe"", ""ciśnieniowe""]",[],"[""karta charakterystyki"", ""rękawice ochronne"", ""nie mieszać chemikaliów""]",
159,"[""fugi"", ""płytki ceramiczne"", ""gres"", ""glazura"", ""terakota"", ""odporne na alkalia""]",[],"[""ręczne""]",[],"[""rękawice ochronne"", ""unikać skóry i oczu"", ""próba wstępna"", ""nie mieszać chemikaliów""]",zasadowy
160,"[""tworzywa sztuczne"", ""plastiki samochodowe"", ""kokpit""]",[],"[""ręczne""]",[],"[""unikać kontaktu z oczami"", ""próba wstępna"", ""nie stosować rozgrzane""]",
161,"[""tapicerka skórzana""]",[],"[""ręczne""]",[],"[""unikać kontaktu z oczami"", ""nie przemaczać"", ""próba wstępna""]",
162,"[""tapicerka skórzana"", ""skóra licowa""]",[],"[""ręczne""]",[],"[""próba wstępna"", ""unikać skóry i oczu""]",
163,"[""skóra"", ""tapicerka skórzana""]",[],"[""ręczne""]",[],"[""próba wstępna"", ""unikać kontaktu z oczami"", ""nie stosować rozgrzane""]",
164,"[""szkło"", ""szyby samochodowe"", ""lustra"", ""tworzywa sztuczne"", ""laminat""]",[],"[""ręczne""]",[],"[""unikać kontaktu z oczami"", ""unikać wdychania"", ""wentylacja""]",
165,"[""tworzywa sztuczne"", ""wnętrza pojazdów"", ""ramy pvc"", ""meble ogrodowe"", ""obudowy kuchenne""]",[],"[""ręczne""]",[],"[""unikać kontaktu z oczami"", ""próba wstępna""]",
166,"[""monitory"", ""ekrany lcd"", ""pleksi"", ""tworzywa sztuczne""]",[],"[""ręczne""]",[],"[""nie stosować rozgrzane"", ""instrukcja urządzenia"", ""unikać kontaktu z oczami""]",
167,[],[],"[""maszynowe"", ""ekstrakcyjne""]",[],"[""unikać kontaktu z oczami"", ""nie połykać"", ""instrukcja urządzenia"", ""płukać oczy wodą""]",
168,"[""tapicerka tekstylna"", ""dywany"", ""wykładziny"", ""odporne na wodę""]","[""materiały wrażliwe na wodę"", ""skóra naturalna"", ""zamsz i nubuk""]","[""ręczne"", ""ekstrakcyjne""]",[],"[""próba wstępna"", ""unikać wody"", ""stosować zgodnie z etykietą""]",
169,"[""tapicerka tekstylna"", ""tapicerka samochodowa""]",[],"[""ręczne"", ""natryskowe""]",[],"[""próba wstępna"", ""unikać skóry i oczu"", ""nie przemaczać""]",
170,"[""ekrany lcd"", ""ekrany led"", ""ekrany oled"", ""monitory"", ""telewizory"", ""powłoka antyrefleksyjna"", ""powłoka antystatyczna""]",[],"[""ręczne""]",[],"[""instrukcja urządzenia"", ""unikać agresywnych środków"", ""unikać kontaktu z oczami""]",
171,"[""tworzywa sztuczne"", ""plastiki samochodowe"", ""kokpit"", ""panele drzwiowe""]",[],"[""ręczne"", ""natryskowe""]",[],"[""próba wstępna"", ""nie stosować rozgrzane"", ""unikać skóry i oczu"", ""zasady bezpieczeństwa""]",
172,"[""opony"", ""guma"", ""tworzywa sztuczne"", ""zderzaki"", ""klamki"", ""obudowy lusterek"", ""listwy"", ""uszczelki""]",[],"[""ręczne""]",[],"[""unikać skóry i oczu"", ""wentylacja"", ""nie połykać""]",
173,"[""lakier samochodowy"", ""tworzywa sztuczne"", ""szyby"", ""zewnętrzne powierzchnie pojazdów"", ""części metalowe""]",[],"[""ręczne"", ""natryskowe""]",[],"[""unikać kontaktu z oczami"", ""stosować zgodnie"", ""płukać oczy wodą""]",
174,"[""maszyny rolnicze"", ""pojazdy robocze"", ""sprzęt gospodarski"", ""lakier samochodowy"", ""tworzywa sztuczne"", ""części metalowe""]",[],"[""bezdotykowe"", ""pianowe"", ""natryskowe"", ""ciśnieniowe""]",[],"[""ochrona oczu i rąk"", ""próba wstępna""]",
175,"[""lakier samochodowy"", ""szkło"", ""guma"", ""tworzywa sztuczne"", ""maszyny rolnicze""]",[],"[""ręczne"", ""pianowe""]",[],"[""unikać kontaktu z oczami"", ""rękawice ochronne"", ""nie mieszać chemikaliów""]",neutralny
176,"[""lakier samochodowy"", ""metal"", ""tworzywa sztuczne"", ""guma"", ""szkło"", ""maszyny rolnicze""]",[],"[""pianowe"", ""ciśnieniowe"", ""natryskowe""]",[],"[""unikać skóry i oczu"", ""rękawice ochronne"", ""próba wstępna"", ""stosować zgodnie""]",
177,"[""tworzywa sztuczne""]",[],"[""ręczne"", ""natryskowe""]",[],"[""stosować zgodnie"", ""unikać skóry i oczu""]",
178,"[""felgi aluminiowe"", ""felgi stalowe"", ""metal"", ""burty naczep"", ""najazdy"", ""części maszyn""]",[],"[""ręczne"", ""natryskowe""]",[],"[""produkt kwaśny"", ""unikać skóry i oczu"", ""próba wstępna"", ""nie mieszać z zasadami""]",kwaśny
179,"[""tapicerka tekstylna"", ""dywany"", ""wykładziny"", ""odporne na wodę""]","[""materiały wrażliwe na wodę"", ""nietrwałe kolory""]","[""ekstrakcyjne"", ""ręczne""]",[],"[""próba wstępna"", ""unikać wody"", ""unikać skóry i oczu""]",
180,"[""tapicerka tekstylna"", ""tapicerka samochodowa"", ""tekstylia""]",[],"[""ręczne"", ""natryskowe""]",[],"[""próba wstępna"", ""nie przemaczać"", ""unikać kontaktu z oczami""]",
181,"[""lakier samochodowy"", ""metal"", ""tworzywa sztuczne"", ""guma"", ""szyby"", ""felgi""]",[],"[""ręczne"", ""natryskowe"", ""pianowe""]",[],"[""ochrona oczu i rąk"", ""nie mieszać chemikaliów"", ""próba wstępna""]",
182,"[""elewacje"", ""kostka brukowa"", ""kamień"", ""powierzchnie zewnętrzne""]",[],"[""ręczne"", ""bezdotykowe"", ""natryskowe""]",[],"[""rękawice ochronne"", ""unikać skóry i oczu"", ""nie mieszać chemikaliów"", ""próba wstępna""]",
183,"[""posadzki"", ""posadzki przemysłowe"", ""posadzki magazynowe"", ""duże powierzchnie""]",[],"[""maszynowe"", ""ciśnieniowe""]",[],"[""dobrać dozowanie"", ""unikać skóry i oczu"", ""rękawice ochronne""]",
184,"[""fugi"", ""spoiny cementowe"", ""płytki ceramiczne"", ""glazura"", ""terakota"", ""gres"", ""trudno dostępne miejsca""]",[],"[""ręczne""]",[],"[""rękawice ochronne"", ""unikać skóry i oczu"", ""próba wstępna"", ""nie mieszać chemikaliów""]",zasadowy
185,"[""skóra dłoni""]",[],"[""ręczne""]",[],"[""unikać kontaktu z oczami"", ""nie stosować na skórę"", ""płukać oczy wodą""]",
186,"[""skóra dłoni""]",[],"[""ręczne""]",[],"[""stosować zgodnie"", ""unikać kontaktu z oczami"", ""nie połykać"", ""przerwać przy podrażnieniu""]",
187,"[""skóra dłoni""]",[],"[""ręczne""]",[],"[""unikać kontaktu z oczami"", ""nie połykać"", ""przerwać przy podrażnieniu""]",
188,"[""skóra dłoni""]",[],"[""ręczne""]",[],"[""unikać kontaktu z oczami"", ""płukać oczy wodą"", ""nie połykać""]",
189,"[""skóra dłoni""]",[],"[""ręczne""]",[],"[""unikać kontaktu z oczami"", ""nie połykać"", ""stosować zgodnie""]",
190,"[""skóra dłoni""]",[],"[""ręczne""]",[],"[""unikać kontaktu z oczami"", ""płukać oczy wodą"", ""przerwać przy podrażnieniu""]",
191,"[""skóra dłoni""]",[],"[""ręczne""]",[],"[""unikać kontaktu z oczami"", ""nie stosować na skórę"", ""płukać oczy wodą""]",
192,"[""skóra dłoni""]",[],"[""ręczne""]",[],"[""produkt łatwopalny"", ""unikać kontaktu z oczami"", ""nie stosować na skórę""]",
193,"[""skóra dłoni""]",[],"[""ręczne""]","[""higiena rąk""]","[""unikać kontaktu z oczami"", ""nie stosować na skórę"", ""przerwać przy podrażnieniu""]",
194,"[""skóra dłoni""]",[],"[""ręczne""]",[],"[""unikać kontaktu z oczami"", ""nie stosować na skórę"", ""przerwać przy podrażnieniu"", ""zasady bezpieczeństwa""]",
195,"[""opony"", ""guma"", ""tworzywa sztuczne"", ""zderzaki"", ""klamki"", ""obudowy lusterek"", ""listwy zewnętrzne"", ""uszczelki gumowe""]",[],"[""ręczne""]",[],"[""unikać kontaktu z oczami"", ""nie stosować rozgrzane"", ""stosować zgodnie"", ""próba wstępna""]",
196,"[""felgi aluminiowe"", ""felgi stalowe"", ""felgi lakierowane"", ""felgi""]",[],"[""ręczne"", ""natryskowe""]",[],"[""nie stosować rozgrzane"", ""rękawice ochronne"", ""unikać skóry i oczu""]",neutralny
197,"[""szyby samochodowe"", ""reflektory"", ""lusterka samochodowe"", ""szyby""]",[],"[""natryskowe"", ""ręczne""]",[],"[""unikać kontaktu z oczami"", ""nie stosować przy ogniu"", ""stosować zgodnie""]",
198,"[""lakier samochodowy"", ""karoseria"", ""zewnętrzne powierzchnie pojazdów""]",[],"[""natryskowe""]",[],"[""unikać skóry i oczu"", ""nie stosować rozgrzane"", ""płukać oczy wodą""]",
199,"[""lakier samochodowy"", ""powłoki ceramiczne"", ""twarde woski"", ""tworzywa sztuczne"", ""szyby samochodowe"", ""felgi lakierowane""]",[],"[""natryskowe"", ""ręczne""]","[""bezpieczny dla powłok""]","[""unikać kontaktu z oczami"", ""próba wstępna""]",neutralny
200,"[""szyby samochodowe"", ""reflektory"", ""karoseria""]",[],"[""ręczne"", ""natryskowe""]",[],"[""nie stosować rozgrzane"", ""unikać kontaktu z oczami""]",
201,"[""lakier samochodowy"", ""szkło"", ""szyby"", ""powierzchnie po polerowaniu""]",[],"[""ręczne"", ""natryskowe""]",[],"[""produkt łatwopalny"", ""wentylacja"", ""unikać skóry i oczu"", ""próba wstępna""]",
202,"[""lakier samochodowy"", ""karoseria"", ""elementy plastikowe"", ""szyby"", ""felgi lakierowane""]",[],"[""ręczne"", ""natryskowe"", ""pianowe""]",[],"[""unikać skóry i oczu"", ""próba wstępna"", ""nie stosować rozgrzane""]",
203,"[""szkło"", ""karoseria"", ""felgi aluminiowe""]",[],"[""ręczne""]",[],"[""wentylacja"", ""unikać skóry i oczu"", ""próba wstępna"", ""nie stosować rozgrzane""]",
204,"[""felgi aluminiowe"", ""felgi stalowe"", ""metal"", ""burty naczep"", ""najazdy""]",[],"[""ręczne"", ""natryskowe""]",[],"[""ochrona oczu i rąk"", ""próba wstępna""]",kwaśny
205,"[""karoseria"", ""lakier samochodowy"", ""zewnętrzne powierzchnie pojazdów""]",[],"[""natryskowe"", ""pianowe"", ""ręczne""]",[],"[""nie stosować rozgrzane"", ""unikać skóry i oczu""]",
206,"[""lakier samochodowy"", ""powłoki ochronne"", ""woski"", ""szyby"", ""tworzywa sztuczne"", ""guma"", ""elementy chromowane""]",[],"[""ręczne""]","[""bezpieczny dla powłok"", ""neutralne ph""]","[""unikać kontaktu z oczami"", ""płukać oczy wodą"", ""nie stosować rozgrzane""]",neutralny
207,"[""lakier samochodowy"", ""karoseria"", ""zewnętrzne powierzchnie pojazdów"", ""powłoki ochronne"", ""woski""]",[],"[""ręczne""]",[],"[""unikać kontaktu z oczami"", ""płukać oczy wodą"", ""nie stosować rozgrzane""]",neutralny
208,"[""lakier samochodowy"", ""karoseria"", ""powłoki ceramiczne"", ""twarde woski"", ""folie zabezpieczające""]",[],"[""ręczne""]",[],"[""nie stosować rozgrzane"", ""unikać gorąca"", ""unikać kontaktu z oczami""]",
209,"[""lakier samochodowy"", ""karoseria"", ""zewnętrzne powierzchnie pojazdów""]",[],"[""ręczne"", ""natryskowe""]",[],"[""unikać skóry i oczu"", ""nie stosować rozgrzane"", ""stosować zgodnie""]",
210,"[""stal"", ""żeliwo""]",[],"[""ręczne""]",[],"[""ochrona oczu i rąk"", ""unikać skóry i oczu"", ""wentylacja""]",
211,[],[],"[""ręczne"", ""natryskowe""]",[],"[""nie rozpylać na twarz"", ""unikać żywności"", ""stosować zgodnie""]",
212,[],[],"[""natryskowe""]",[],"[""nie rozpylać na twarz"", ""wentylacja""]",
213,[],[],"[""ręczne"", ""natryskowe""]",[],"[""nie rozpylać na twarz"", ""unikać wdychania"", ""nie stosować na żywność""]",
214,[],[],"[""natryskowe""]",[],"[""nie rozpylać na twarz"", ""unikać wdychania"", ""wentylacja""]",
215,[],"[""żywność"", ""skóra"", ""twarz"", ""oczy"", ""delikatne tkaniny""]","[""ręczne"", ""natryskowe""]",[],"[""nie rozpylać na twarz"", ""nie stosować na żywność"", ""płukać oczy wodą"", ""próba wstępna"", ""zasady bezpieczeństwa""]",
216,"[""powietrze"", ""wnętrza pojazdów"", ""szafy"", ""garderoby""]",[],"[""natryskowe""]",[],"[""nie rozpylać na twarz"", ""wentylacja"", ""unikać wdychania""]",
217,[],[],"[""ręczne"", ""natryskowe""]",[],"[""nie rozpylać na twarz"", ""wentylacja"", ""płukać oczy wodą""]",
218,[],[],"[""natryskowe""]",[],"[""unikać kontaktu z oczami"", ""nie stosować na żywność"", ""stosować zgodnie"", ""przewietrzyć""]",
219,[],[],"[""natryskowe""]",[],"[""nie rozpylać na twarz"", ""wentylacja"", ""nie mieszać chemikaliów""]",
220,[],[],"[""ręczne"", ""natryskowe""]",[],"[""nie rozpylać na twarz"", ""unikać wdychania"", ""wentylacja""]",
221,[],[],"[""ręczne"", ""natryskowe""]",[],"[""nie rozpylać na twarz"", ""unikać wdychania"", ""wentylacja"", ""próba wstępna""]",
222,[],[],"[""ręczne"", ""natryskowe""]",[],"[""nie rozpylać na twarz"", ""wentylacja"", ""unikać wdychania"", ""produkt łatwopalny""]",
223,[],[],"[""natryskowe""]",[],"[""nie stosować na żywność"", ""unikać wdychania"", ""wentylacja""]",
224,[],[],"[""ręczne"", ""natryskowe""]",[],"[""nie rozpylać na twarz"", ""wentylacja"", ""nie stosować przy ogniu""]",
225,"[""powietrze"", ""wnętrza pojazdów"", ""szafy""]",[],"[""ręczne""]",[],"[""nie rozpylać na twarz"", ""wentylacja"", ""nie stosować na żywność""]",
226,"[""tworzywa sztuczne"", ""meble ogrodowe"", ""ramy pvc"", ""obudowy kuchenne""]",[],"[""ręczne""]",[],"[""próba wstępna"", ""unikać kontaktu z oczami"", ""nie mieszać chemikaliów""]",
227,"[""tapicerka skórzana"", ""skóra licowa"", ""skóra""]",[],"[""ręczne""]",[],"[""próba wstępna"", ""nie przemaczać"", ""unikać kontaktu z oczami""]",
228,"[""skóra"", ""skóra licowa"", ""skóra syntetyczna"", ""tapicerka skórzana"", ""akcesoria skórzane""]",[],"[""ręczne""]",[],"[""próba wstępna"", ""nie stosować rozgrzane"", ""unikać kontaktu z oczami""]",
229,"[""zmywalne powierzchnie"", ""płytki ceramiczne"", ""terakota"", ""laminat"", ""pvc""]",[],"[""ręczne""]",[],"[""unikać kontaktu z oczami"", ""płukać oczy wodą"", ""nie mieszać chemikaliów""]",
230,"[""tapicerka tekstylna"", ""tkaniny obiciowe"", ""tapicerka samochodowa""]",[],"[""ręczne"", ""natryskowe""]",[],"[""próba wstępna"", ""nie przemaczać"", ""unikać kontaktu z oczami""]",
231,"[""ekrany lcd"", ""ekrany led"", ""ekrany oled"", ""monitory"", ""telewizory""]",[],"[""ręczne""]",[],"[""instrukcja urządzenia"", ""nie stosować rozgrzane""]",
232,"[""klimatyzacja samochodowa"", ""kanały wentylacyjne"", ""nawiewy samochodowe"", ""wnętrza pojazdów""]",[],"[""natryskowe""]",[],"[""stosować zgodnie"", ""unikać wdychania"", ""wentylacja"", ""pojemnik pod ciśnieniem""]",
233,"[""szyby samochodowe"", ""reflektory"", ""lakier samochodowy"", ""uszczelki gumowe""]",[],"[""natryskowe"", ""spryskiwacze samochodowe""]",[],"[""unikać kontaktu z oczami"", ""nie połykać"", ""produkt łatwopalny""]",
234,"[""tkaniny bawełniane"", ""tkaniny syntetyczne"", ""tkaniny mieszane"", ""tekstylia domowe"", ""odzież""]",[],"[""pranie automatyczne"", ""płukanie""]",[],"[""unikać kontaktu z oczami"", ""nie połykać"", ""płukać oczy wodą""]",
235,"[""tkaniny"", ""odzież"", ""tekstylia domowe""]",[],"[""pranie automatyczne"", ""ręczne""]",[],"[""unikać kontaktu z oczami"", ""płukać oczy wodą"", ""stosować zgodnie z etykietą""]",
236,"[""tkaniny bawełniane"", ""tkaniny syntetyczne"", ""tkaniny mieszane"", ""tekstylia domowe""]",[],"[""pranie ręczne"", ""pranie automatyczne""]",[],"[""unikać kontaktu z oczami"", ""płukać oczy wodą"", ""nie połykać""]",
237,"[""odporne na wodę"", ""dywany"", ""wykładziny""]","[""materiały wrażliwe na wodę""]","[""ekstrakcyjne"", ""ręczne""]",[],"[""sprawdzić kolory"", ""nie przemaczać""]",
238,"[""tkaniny białe"", ""tkaniny czarne"", ""tkaniny kolorowe""]",[],"[""pranie automatyczne"", ""ręczne""]","[""do wszystkich pralek""]","[""unikać kontaktu z oczami"", ""płukać oczy wodą"", ""stosować zgodnie z etykietą""]",
239,"[""tkaniny białe"", ""tkaniny czarne"", ""tkaniny kolorowe""]",[],"[""pranie automatyczne"", ""ręczne""]",[],"[""unikać kontaktu z oczami"", ""płukać oczy wodą"", ""stosować zgodnie z etykietą""]",
240,"[""tkaniny białe"", ""tkaniny czarne"", ""tkaniny kolorowe""]",[],"[""ręczne"", ""maszynowe""]",[],"[""unikać kontaktu z oczami"", ""płukać oczy wodą"", ""stosować zgodnie z etykietą""]",
241,"[""aluminium"", ""stopy aluminium"", ""metale""]",[],"[""ręczne"", ""natryskowe""]",[],"[""produkt kwaśny"", ""unikać skóry i oczu"", ""próba wstępna"", ""nie mieszać z zasadami""]",kwaśny
242,"[""opony"", ""guma"", ""tworzywa sztuczne"", ""zderzaki"", ""klamki"", ""obudowy lusterek"", ""listwy"", ""uszczelki gumowe""]",[],"[""ręczne""]",[],"[""stosować zgodnie"", ""unikać kontaktu z oczami""]",
243,"[""tworzywa sztuczne"", ""plastiki samochodowe"", ""deski rozdzielcze"", ""kokpit"", ""elementy plastikowe""]",[],"[""ręczne""]",[],"[""unikać kontaktu z oczami"", ""stosować zgodnie z etykietą"", ""stosować zgodnie""]",
244,"[""szyby samochodowe"", ""lusterka"", ""reflektory""]",[],"[""natryskowe"", ""ręczne""]",[],"[""unikać kontaktu z oczami"", ""wentylacja"", ""nie rozpylać na gorące""]",
245,"[""kostka brukowa"", ""beton"", ""posadzki przemysłowe"", ""posadzki twarde"", ""podjazdy"", ""garaże""]",[],"[""ręczne"", ""natryskowe"", ""ciśnieniowe""]",[],"[""ochrona oczu i rąk"", ""nie mieszać chemikaliów"", ""próba wstępna""]",
246,"[""lakier samochodowy"", ""karoseria"", ""zewnętrzne powierzchnie pojazdów""]",[],"[""ręczne"", ""natryskowe"", ""maszynowe""]",[],"[""unikać kontaktu z oczami"", ""stosować zgodnie""]",
247,"[""klimatyzacja samochodowa"", ""kanały wentylacyjne"", ""nawiewy samochodowe"", ""wnętrza pojazdów""]",[],"[""natryskowe"", ""maszynowe""]",[],"[""pojemnik pod ciśnieniem"", ""nie rozpylać na twarz"", ""produkt łatwopalny"", ""przewietrzyć""]",
248,"[""szyby samochodowe"", ""reflektory"", ""karoseria"", ""lakier samochodowy"", ""zewnętrzne powierzchnie pojazdów""]",[],"[""ręczne"", ""natryskowe""]",[],"[""nie stosować rozgrzane"", ""unikać skóry i oczu""]",
249,"[""tworzywa sztuczne"", ""wnętrza pojazdów"", ""ramy okien i drzwi"", ""meble ogrodowe"", ""obudowy kuchenne""]",[],"[""ręczne""]",[],"[""próba wstępna"", ""stosować zgodnie"", ""unikać kontaktu z oczami"", ""zasady bezpieczeństwa""]",
250,"[""felgi aluminiowe"", ""felgi stalowe"", ""metal"", ""burty naczep"", ""najazdy""]",[],"[""ręczne"", ""natryskowe""]",[],"[""ochrona oczu i rąk"", ""unikać skóry i oczu"", ""nie mieszać chemikaliów"", ""próba wstępna""]",kwaśny
251,"[""karoseria"", ""lakier samochodowy"", ""zewnętrzne powierzchnie pojazdów""]",[],"[""ręczne"", ""natryskowe"", ""pianowe""]",[],"[""unikać skóry i oczu"", ""spłukać wodą"", ""nie stosować rozgrzane""]",
252,"[""tapicerka tekstylna"", ""dywany"", ""wykładziny"", ""odporne na wodę""]","[""materiały wrażliwe na wodę""]","[""ekstrakcyjne"", ""ręczne""]",[],"[""sprawdzić kolory"", ""unikać skóry i oczu"", ""unikać wody""]",
253,"[""tapicerka tekstylna"", ""tkaniny obiciowe"", ""tapicerka samochodowa""]",[],"[""ręczne""]",[],"[""próba wstępna"", ""nie przemaczać"", ""unikać kontaktu z oczami""]",
254,"[""ciężarówki"", ""cysterny"", ""maszyny rolnicze"", ""kontenery"", ""silniki"", ""podzespoły mechaniczne"", ""elementy mechaniczne""]",[],"[""natryskowe"", ""bezdotykowe"", ""pianowe""]",[],"[""ochrona oczu i rąk"", ""nie mieszać chemikaliów"", ""unikać skóry i oczu"", ""próba wstępna"", ""aplikować i spłukać""]",silnie zasadowy
255,"[""odporne na alkalia"", ""pojazdy"", ""maszyny"", ""posadzki przemysłowe"", ""elementy mechaniczne""]","[""powierzchnie wrażliwe na zasady"", ""aluminium"", ""metale kolorowe""]","[""ręczne"", ""natryskowe""]",[],"[""ochrona oczu i rąk"", ""unikać skóry i oczu"", ""unikać zasad""]",zasadowy
256,"[""karoseria"", ""samochody dostawcze"", ""autobusy"", ""tramwaje"", ""wagony kolejowe"", ""ciężarówki"", ""zewnętrzne powierzchnie pojazdów""]",[],"[""bezdotykowe"", ""natryskowe"", ""pianowe""]",[],"[""ochrona oczu i rąk"", ""próba wstępna"", ""unikać skóry i oczu""]",
257,"[""szyby samochodowe"", ""reflektory"", ""lakier samochodowy"", ""uszczelki gumowe""]",[],"[""natryskowe"", ""spryskiwacze samochodowe""]",[],"[""nie połykać"", ""unikać kontaktu z oczami"", ""produkt łatwopalny""]",
258,"[""tworzywa sztuczne"", ""plastiki samochodowe"", ""kokpit"", ""panele drzwiowe"", ""elementy plastikowe""]",[],"[""ręczne""]",[],"[""próba wstępna"", ""nie stosować rozgrzane"", ""unikać skóry i oczu"", ""stosować zgodnie z etykietą""]",
259,"[""hamulce"", ""części metalowe"", ""narzędzia warsztatowe"", ""podzespoły mechaniczne""]",[],"[""ręczne"", ""natryskowe""]",[],"[""produkt łatwopalny"", ""wentylacja"", ""unikać wdychania"", ""próba wstępna""]",
260,"[""hamulce"", ""sprzęgła"", ""części metalowe""]","[""rozgrzane powierzchnie"", ""powierzchnie lakierowane"", ""tworzywa wrażliwe na rozpuszczalniki"", ""guma""]","[""ręczne"", ""natryskowe""]",[],"[""produkt łatwopalny"", ""wentylacja"", ""unikać skóry i oczu"", ""próba wstępna""]",
261,"[""metal"", ""stal"", ""żeliwo"", ""elementy mechaniczne"", ""śruby"", ""nakrętki"", ""zawiasy"", ""zamki"", ""łańcuchy"", ""narzędzia""]",[],"[""ręczne"", ""natryskowe""]",[],"[""wentylacja"", ""unikać skóry i oczu"", ""nie stosować przy ogniu""]",
262,"[""stal"", ""żeliwo""]",[],"[""ręczne"", ""natryskowe""]",[],"[""ochrona oczu i rąk"", ""wentylacja"", ""unikać skóry i oczu""]",
